president,subgroup,modeldate,approve_estimate,approve_hi,approve_lo,disapprove_estimate,disapprove_hi,disapprove_lo,timestamp,idate,dop
Donald Trump,Adults,43374,38.98797,43.16752,34.80841,54.35324,59.0119,49.69458,10/1/18,20/1/17,355
Donald Trump,Adults,43344,38.61844,42.97126,34.26562,54.84727,59.70905,49.98549,9/1/18,20/1/17,354
Donald Trump,Adults,43313,38.61844,42.97126,34.26562,54.84727,59.70905,49.98549,8/1/18,20/1/17,353
Donald Trump,Adults,43282,38.72204,43.11031,34.33376,54.79131,59.62421,49.95842,8/1/18,20/1/17,353
Donald Trump,Adults,43252,38.72204,43.11031,34.33376,54.79131,59.62421,49.95842,8/1/18,20/1/17,353
Donald Trump,Adults,43221,38.72204,43.11031,34.33376,54.79131,59.62421,49.95842,5/1/18,20/1/17,350
Donald Trump,Adults,43191,38.15102,42.57115,33.73088,55.35013,60.21455,50.4857,4/1/18,20/1/17,349
Donald Trump,Adults,43160,37.76004,41.94017,33.5799,55.76106,60.762,50.76013,3/1/18,20/1/17,348
Donald Trump,Adults,43132,37.71881,42.00691,33.43071,55.879,60.83708,50.92091,2/1/18,20/1/17,347
Donald Trump,Adults,43101,37.33959,41.62288,33.0563,56.36489,61.42876,51.30103,2/1/18,20/1/17,347
Donald Trump,Adults,12/31/2017,37.33959,41.62288,33.0563,56.36489,61.42876,51.30103,31/12/17,20/1/17,345
Donald Trump,Adults,12/30/2017,37.12983,41.34206,32.9176,56.50421,61.57931,51.42911,30/12/17,20/1/17,344
Donald Trump,Adults,12/29/2017,37.08881,41.29662,32.881,56.61979,61.70961,51.52996,29/12/17,20/1/17,343
Donald Trump,Adults,12/28/2017,36.64524,40.75099,32.53949,56.9993,62.23492,51.76368,28/12/17,20/1/17,342
Donald Trump,Adults,12/27/2017,36.40348,40.55858,32.24838,57.36427,62.49175,52.23679,27/12/17,20/1/17,341
Donald Trump,Adults,12/26/2017,36.36728,40.52427,32.21029,57.42441,62.56409,52.28473,26/12/17,20/1/17,340
Donald Trump,Adults,12/25/2017,36.23244,40.50846,31.95642,57.44253,62.80125,52.08381,26/12/17,20/1/17,340
Donald Trump,Adults,12/24/2017,36.23244,40.50846,31.95642,57.44253,62.80125,52.08381,24/12/17,20/1/17,338
Donald Trump,Adults,12/23/2017,36.06482,40.29242,31.83723,57.65516,62.98712,52.3232,23/12/17,20/1/17,337
Donald Trump,Adults,12/22/2017,35.87907,40.07583,31.6823,57.76529,63.09438,52.43619,22/12/17,20/1/17,336
Donald Trump,Adults,12/21/2017,35.77409,39.98901,31.55917,57.88775,63.29929,52.47622,21/12/17,20/1/17,335
Donald Trump,Adults,12/20/2017,35.86745,40.16387,31.57104,57.55755,62.97956,52.13554,20/12/17,20/1/17,334
Donald Trump,Adults,12/19/2017,35.93935,40.19051,31.68819,57.91428,63.36301,52.46555,19/12/17,20/1/17,333
Donald Trump,Adults,12/18/2017,36.25013,40.72108,31.77917,57.28722,62.97261,51.60183,18/12/17,20/1/17,332
Donald Trump,Adults,12/17/2017,35.97097,40.21576,31.72618,57.98541,63.31239,52.65843,17/12/17,20/1/17,331
Donald Trump,Adults,12/16/2017,34.93087,38.82144,31.04029,58.28658,63.78065,52.7925,16/12/17,20/1/17,330
Donald Trump,Adults,12/15/2017,34.9917,38.85859,31.12481,58.19014,63.64735,52.73292,15/12/17,20/1/17,329
Donald Trump,Adults,12/14/2017,35.57671,39.45999,31.69342,57.35314,62.21434,52.49194,14/12/17,20/1/17,328
Donald Trump,Adults,12/13/2017,35.46254,39.26604,31.65903,57.3914,62.29413,52.48867,13/12/17,20/1/17,327
Donald Trump,Adults,43081,35.99963,39.58548,32.41379,57.93578,62.80088,53.07068,12/12/17,20/1/17,326
Donald Trump,Adults,43051,36.2524,40.00078,32.50401,57.43421,62.4935,52.37493,11/12/17,20/1/17,325
Donald Trump,Adults,43020,36.33047,40.0551,32.60583,57.33792,62.36638,52.30947,10/12/17,20/1/17,324
Donald Trump,Adults,42990,36.50823,40.32417,32.69229,56.97471,62.03435,51.91507,9/12/17,20/1/17,323
Donald Trump,Adults,42959,36.52957,40.34542,32.71372,56.96902,62.01908,51.91897,8/12/17,20/1/17,322
Donald Trump,Adults,42928,36.42162,40.21066,32.63258,57.0158,62.0655,51.96611,7/12/17,20/1/17,321
Donald Trump,Adults,42898,37.17609,40.67321,33.67897,56.25414,61.24754,51.26074,6/12/17,20/1/17,320
Donald Trump,Adults,42867,37.34743,41.00904,33.68581,56.66071,61.26614,52.05529,5/12/17,20/1/17,319
Donald Trump,Adults,42837,36.96822,40.55458,33.38185,56.90294,61.66179,52.1441,4/12/17,20/1/17,318
Donald Trump,Adults,42806,36.93871,40.54438,33.33304,56.9087,61.67534,52.14207,3/12/17,20/1/17,317
Donald Trump,Adults,42778,36.94333,40.54791,33.33874,56.88067,61.63329,52.12805,2/12/17,20/1/17,316
Donald Trump,Adults,42747,37.08066,40.51703,33.64429,56.67411,61.24419,52.10403,1/12/17,20/1/17,315
Donald Trump,Adults,11/30/2017,37.37271,40.76131,33.98411,56.45746,61.06138,51.85354,30/11/17,20/1/17,314
Donald Trump,Adults,11/29/2017,37.72719,41.0411,34.41329,56.1861,60.68507,51.68713,29/11/17,20/1/17,313
Donald Trump,Adults,11/28/2017,37.3322,40.77054,33.89386,56.39901,61.09468,51.70334,28/11/17,20/1/17,312
Donald Trump,Adults,11/27/2017,37.45752,40.94758,33.96746,56.33474,61.08239,51.58708,27/11/17,20/1/17,311
Donald Trump,Adults,11/26/2017,37.45581,40.93557,33.97606,56.34441,61.08575,51.60306,26/11/17,20/1/17,310
Donald Trump,Adults,11/25/2017,37.52008,40.99286,34.0473,56.21497,60.93591,51.49404,25/11/17,20/1/17,309
Donald Trump,Adults,11/24/2017,37.49094,40.94191,34.03998,56.29383,60.95646,51.6312,25/11/17,20/1/17,309
Donald Trump,Adults,11/23/2017,37.49094,40.94191,34.03998,56.29383,60.95646,51.6312,23/11/17,20/1/17,307
Donald Trump,Adults,11/22/2017,37.46259,40.92633,33.99884,56.36794,61.05016,51.68571,22/11/17,20/1/17,306
Donald Trump,Adults,11/21/2017,37.27388,40.85829,33.68948,56.78977,61.24873,52.33081,21/11/17,20/1/17,305
Donald Trump,Adults,11/20/2017,37.67971,41.36098,33.99844,55.82434,60.27885,51.36983,20/11/17,20/1/17,304
Donald Trump,Adults,11/19/2017,37.64998,41.31887,33.98109,55.8158,60.27929,51.3523,19/11/17,20/1/17,303
Donald Trump,Adults,11/18/2017,37.66021,41.32718,33.99324,55.76469,60.22801,51.30137,18/11/17,20/1/17,302
Donald Trump,Adults,11/17/2017,37.49475,41.12764,33.86187,55.80109,60.26508,51.3371,17/11/17,20/1/17,301
Donald Trump,Adults,11/16/2017,37.56749,41.25379,33.8812,56.05001,60.54091,51.55912,16/11/17,20/1/17,300
Donald Trump,Adults,11/15/2017,37.50333,41.1248,33.88186,56.09998,60.62872,51.57123,15/11/17,20/1/17,299
Donald Trump,Adults,11/14/2017,37.54153,40.96108,34.12197,56.23203,61.02762,51.43644,14/11/17,20/1/17,298
Donald Trump,Adults,11/13/2017,37.26438,40.80128,33.72747,56.38675,61.30583,51.46766,13/11/17,20/1/17,297
Donald Trump,Adults,43080,37.29921,40.83548,33.76295,56.3454,61.25752,51.43328,12/11/17,20/1/17,296
Donald Trump,Adults,43050,37.19261,40.67566,33.70955,56.49899,61.37941,51.61858,11/11/17,20/1/17,295
Donald Trump,Adults,43019,37.11195,40.57419,33.6497,56.54761,61.41397,51.68124,10/11/17,20/1/17,294
Donald Trump,Adults,42989,36.87565,40.35596,33.39534,57.20075,61.39975,53.00176,9/11/17,20/1/17,293
Donald Trump,Adults,42958,36.9847,40.33656,33.63285,57.10672,61.39174,52.8217,8/11/17,20/1/17,292
Donald Trump,Adults,42927,36.89015,40.30651,33.47379,57.34779,61.59307,53.1025,7/11/17,20/1/17,291
Donald Trump,Adults,42897,37.05696,40.61347,33.50045,57.29476,61.77695,52.81256,6/11/17,20/1/17,290
Donald Trump,Adults,42866,37.24062,40.8525,33.62873,57.23222,61.81281,52.65163,5/11/17,20/1/17,289
Donald Trump,Adults,42836,37.28839,41.04158,33.5352,57.03854,61.75187,52.32521,4/11/17,20/1/17,288
Donald Trump,Adults,42805,37.21225,40.93717,33.48733,57.17183,61.87044,52.47322,3/11/17,20/1/17,287
Donald Trump,Adults,42777,37.38071,41.12535,33.63607,56.87278,61.39518,52.35038,2/11/17,20/1/17,286
Donald Trump,Adults,42746,36.73897,40.30959,33.16835,57.62163,62.53848,52.70478,1/11/17,20/1/17,285
Donald Trump,Adults,10/31/2017,36.13458,39.5146,32.75456,58.07021,62.80627,53.33414,31/10/17,20/1/17,284
Donald Trump,Adults,10/30/2017,36.08981,39.60581,32.5738,57.94589,62.78593,53.10584,30/10/17,20/1/17,283
Donald Trump,Adults,10/29/2017,36.28357,39.66254,32.9046,57.75093,62.47608,53.02577,29/10/17,20/1/17,282
Donald Trump,Adults,10/28/2017,36.12514,39.49284,32.75744,57.38434,62.2604,52.50828,28/10/17,20/1/17,281
Donald Trump,Adults,10/27/2017,36.12577,39.48451,32.76704,57.31348,62.16035,52.4666,27/10/17,20/1/17,280
Donald Trump,Adults,10/26/2017,36.19252,39.63343,32.75162,57.42849,62.08479,52.77219,26/10/17,20/1/17,279
Donald Trump,Adults,10/25/2017,36.098,39.48586,32.71013,57.4499,62.15436,52.74545,25/10/17,20/1/17,278
Donald Trump,Adults,10/24/2017,35.93237,39.38079,32.48395,57.62141,62.24105,53.00177,24/10/17,20/1/17,277
Donald Trump,Adults,10/23/2017,36.40454,39.91741,32.89167,57.09264,61.75982,52.42546,23/10/17,20/1/17,276
Donald Trump,Adults,10/22/2017,36.73022,40.14434,33.3161,56.91251,61.54598,52.27905,22/10/17,20/1/17,275
Donald Trump,Adults,10/21/2017,36.73466,40.14734,33.32198,56.97978,61.64387,52.3157,21/10/17,20/1/17,274
Donald Trump,Adults,10/20/2017,36.69792,40.13217,33.26366,57.0166,61.69907,52.33413,20/10/17,20/1/17,273
Donald Trump,Adults,10/19/2017,36.88713,40.35565,33.41861,56.65256,61.34747,51.95765,19/10/17,20/1/17,272
Donald Trump,Adults,10/18/2017,36.74679,40.39061,33.10298,56.59354,61.50909,51.67799,18/10/17,20/1/17,271
Donald Trump,Adults,10/17/2017,36.73927,40.47601,33.00253,56.83446,61.62724,52.04168,17/10/17,20/1/17,270
Donald Trump,Adults,10/16/2017,36.59012,40.53949,32.64075,56.77091,61.87854,51.66328,16/10/17,20/1/17,269
Donald Trump,Adults,10/15/2017,36.70586,40.65996,32.75177,56.55759,61.62766,51.48751,15/10/17,20/1/17,268
Donald Trump,Adults,10/14/2017,36.65332,40.60168,32.70496,56.59665,61.65913,51.53416,14/10/17,20/1/17,267
Donald Trump,Adults,10/13/2017,36.56348,40.58036,32.5466,56.99356,62.16754,51.81957,13/10/17,20/1/17,266
Donald Trump,Adults,43079,36.62103,40.75443,32.48763,56.89503,62.17796,51.61209,12/10/17,20/1/17,265
Donald Trump,Adults,43049,36.47693,40.54764,32.40623,56.94599,62.31004,51.58194,11/10/17,20/1/17,264
Donald Trump,Adults,43018,36.52134,40.70203,32.34066,57.44492,62.79613,52.0937,10/10/17,20/1/17,263
Donald Trump,Adults,42988,37.08799,41.16768,33.0083,57.10312,62.35505,51.8512,9/10/17,20/1/17,262
Donald Trump,Adults,42957,37.14746,41.21215,33.08276,57.21674,62.46442,51.96906,8/10/17,20/1/17,261
Donald Trump,Adults,42926,37.17203,41.22639,33.11768,57.19087,62.42555,51.95619,7/10/17,20/1/17,260
Donald Trump,Adults,42896,37.10485,41.13694,33.07277,57.30538,62.52552,52.08524,6/10/17,20/1/17,259
Donald Trump,Adults,42865,38.07584,41.63827,34.51341,56.03094,60.13042,51.93146,5/10/17,20/1/17,258
Donald Trump,Adults,42835,38.01492,41.53102,34.49882,56.09282,60.28134,51.9043,4/10/17,20/1/17,257
Donald Trump,Adults,42804,37.8289,41.47723,34.18057,55.8531,60.25601,51.45019,3/10/17,20/1/17,256
Donald Trump,Adults,42776,37.62963,41.33792,33.92134,55.75329,60.19293,51.31364,2/10/17,20/1/17,255
Donald Trump,Adults,42745,37.68137,41.36288,33.99987,55.78199,60.20525,51.35874,1/10/17,20/1/17,254
Donald Trump,Adults,9/30/2017,37.59743,41.28298,33.91187,55.85502,60.2884,51.42163,30/9/17,20/1/17,253
Donald Trump,Adults,9/29/2017,37.60137,41.27396,33.92879,55.87895,60.33029,51.4276,29/9/17,20/1/17,252
Donald Trump,Adults,9/28/2017,37.89941,41.75462,34.0442,55.22694,59.74157,50.71231,28/9/17,20/1/17,251
Donald Trump,Adults,9/27/2017,37.98526,41.80173,34.16879,55.10514,59.55419,50.6561,27/9/17,20/1/17,250
Donald Trump,Adults,9/26/2017,38.2449,42.07979,34.41002,54.81219,59.294,50.33038,26/9/17,20/1/17,249
Donald Trump,Adults,9/25/2017,39.09969,42.81534,35.38404,54.47302,59.20583,49.7402,25/9/17,20/1/17,248
Donald Trump,Adults,9/24/2017,39.17653,42.9406,35.41246,54.43883,59.20711,49.67055,24/9/17,20/1/17,247
Donald Trump,Adults,9/23/2017,38.95658,42.86593,35.04724,54.05893,58.88275,49.2351,23/9/17,20/1/17,246
Donald Trump,Adults,9/22/2017,39.01869,42.89046,35.14693,54.07699,58.88752,49.26646,22/9/17,20/1/17,245
Donald Trump,Adults,9/21/2017,39.37469,43.00726,35.74212,53.34927,58.07776,48.62077,21/9/17,20/1/17,244
Donald Trump,Adults,9/20/2017,38.84023,42.28319,35.39726,53.24905,58.19955,48.29855,20/9/17,20/1/17,243
Donald Trump,Adults,9/19/2017,38.45267,42.11092,34.79441,54.4381,59.13347,49.74273,19/9/17,20/1/17,242
Donald Trump,Adults,9/18/2017,38.50353,42.29119,34.71587,54.44039,59.33059,49.55018,18/9/17,20/1/17,241
Donald Trump,Adults,9/17/2017,38.39445,42.20641,34.5825,54.59601,59.50399,49.68803,17/9/17,20/1/17,240
Donald Trump,Adults,9/16/2017,38.16751,41.99262,34.3424,55.15108,60.11406,50.18811,16/9/17,20/1/17,239
Donald Trump,Adults,9/15/2017,38.26089,42.04071,34.48106,54.98892,59.86929,50.10856,15/9/17,20/1/17,238
Donald Trump,Adults,9/14/2017,37.67922,41.48695,33.87149,56.30154,60.82011,51.78296,14/9/17,20/1/17,237
Donald Trump,Adults,9/13/2017,37.67399,41.47846,33.86951,56.40246,60.95191,51.853,13/9/17,20/1/17,236
Donald Trump,Adults,43078,37.3891,41.30806,33.47015,56.79363,61.18481,52.40245,12/9/17,20/1/17,235
Donald Trump,Adults,43048,38.23683,42.24704,34.22662,56.34893,60.9426,51.75525,11/9/17,20/1/17,234
Donald Trump,Adults,43017,38.22231,42.24351,34.20111,56.30355,60.92258,51.68452,10/9/17,20/1/17,233
Donald Trump,Adults,42987,38.21482,42.23446,34.19518,56.3358,60.97066,51.70095,9/9/17,20/1/17,232
Donald Trump,Adults,42956,38.10756,42.14488,34.07023,56.42276,61.05741,51.78811,8/9/17,20/1/17,231
Donald Trump,Adults,42925,37.70192,41.58705,33.8168,56.98782,61.75868,52.21696,7/9/17,20/1/17,230
Donald Trump,Adults,42895,37.38649,41.32706,33.44593,57.16378,62.09415,52.23342,6/9/17,20/1/17,229
Donald Trump,Adults,42864,36.75838,40.50233,33.01443,57.60414,62.35545,52.85284,5/9/17,20/1/17,228
Donald Trump,Adults,42834,36.54958,40.29377,32.80539,57.64956,62.5812,52.71791,4/9/17,20/1/17,227
Donald Trump,Adults,42803,36.37417,40.09522,32.65312,57.84581,62.78358,52.90805,3/9/17,20/1/17,226
Donald Trump,Adults,42775,36.25883,40.02353,32.49413,58.04179,63.0463,53.03728,2/9/17,20/1/17,225
Donald Trump,Adults,42744,36.30648,40.03671,32.57625,57.99635,62.9889,53.00381,1/9/17,20/1/17,224
Donald Trump,Adults,8/31/2017,36.05339,39.73016,32.37662,57.89574,63.01268,52.77881,31/8/17,20/1/17,223
Donald Trump,Adults,8/30/2017,36.11767,39.72343,32.51191,57.82173,62.96367,52.67979,30/8/17,20/1/17,222
Donald Trump,Adults,8/29/2017,35.83307,39.4631,32.20303,58.1829,63.29436,53.07143,29/8/17,20/1/17,221
Donald Trump,Adults,8/28/2017,35.77592,39.58704,31.9648,57.90997,63.0029,52.81705,28/8/17,20/1/17,220
Donald Trump,Adults,8/27/2017,35.77816,39.57776,31.97856,57.89424,62.9564,52.83207,27/8/17,20/1/17,219
Donald Trump,Adults,8/26/2017,35.78688,39.57668,31.99707,57.87026,62.90443,52.83609,26/8/17,20/1/17,218
Donald Trump,Adults,8/25/2017,35.74794,39.54499,31.9509,57.8345,62.84203,52.82697,25/8/17,20/1/17,217
Donald Trump,Adults,8/24/2017,35.95277,39.78584,32.1197,57.41348,62.47303,52.35392,24/8/17,20/1/17,216
Donald Trump,Adults,8/23/2017,36.0565,39.86063,32.25236,57.31284,62.33797,52.28772,23/8/17,20/1/17,215
Donald Trump,Adults,8/22/2017,35.67125,39.45868,31.88382,57.80386,62.71664,52.89108,22/8/17,20/1/17,214
Donald Trump,Adults,8/21/2017,35.88695,39.80593,31.96796,57.15897,62.13844,52.1795,21/8/17,20/1/17,213
Donald Trump,Adults,8/20/2017,36.341,40.34136,32.34063,55.70692,60.7416,50.67225,20/8/17,20/1/17,212
Donald Trump,Adults,8/19/2017,36.38994,40.39721,32.38268,55.65908,60.64413,50.67403,20/8/17,20/1/17,212
Donald Trump,Adults,8/18/2017,36.38994,40.39721,32.38268,55.65908,60.64413,50.67403,18/8/17,20/1/17,210
Donald Trump,Adults,8/17/2017,36.85913,40.8399,32.87836,54.9086,59.85916,49.95805,17/8/17,20/1/17,209
Donald Trump,Adults,8/16/2017,36.79667,40.79628,32.79707,54.94242,59.92448,49.96037,16/8/17,20/1/17,208
Donald Trump,Adults,8/15/2017,37.07734,41.1385,33.01617,55.79198,60.60711,50.97684,15/8/17,20/1/17,207
Donald Trump,Adults,8/14/2017,36.51901,40.61835,32.41967,57.78039,62.08418,53.4766,14/8/17,20/1/17,206
Donald Trump,Adults,8/13/2017,36.69472,40.71627,32.67317,57.57878,61.7786,53.37896,13/8/17,20/1/17,205
Donald Trump,Adults,43077,36.75468,40.76329,32.74608,57.43847,61.60697,53.26997,12/8/17,20/1/17,204
Donald Trump,Adults,43047,36.63607,40.40025,32.87189,57.46092,61.61914,53.3027,11/8/17,20/1/17,203
Donald Trump,Adults,43016,36.22694,40.02581,32.42806,57.69921,61.93799,53.46042,10/8/17,20/1/17,202
Donald Trump,Adults,42986,36.23774,40.054,32.42149,57.79395,62.03753,53.55037,9/8/17,20/1/17,201
Donald Trump,Adults,42955,36.17896,40.09509,32.26283,58.15186,62.28333,54.02039,8/8/17,20/1/17,200
Donald Trump,Adults,42924,36.43844,40.59006,32.28683,57.34126,61.52499,53.15753,7/8/17,20/1/17,199
Donald Trump,Adults,42894,36.92662,40.7111,33.14214,57.10833,61.48961,52.72705,6/8/17,20/1/17,198
Donald Trump,Adults,42863,36.92022,40.73939,33.10106,57.04646,61.50038,52.59254,5/8/17,20/1/17,197
Donald Trump,Adults,42833,36.86573,40.69488,33.03659,57.28303,61.73932,52.82673,4/8/17,20/1/17,196
Donald Trump,Adults,42802,36.98343,40.85014,33.11673,57.11368,61.58009,52.64727,3/8/17,20/1/17,195
Donald Trump,Adults,42774,37.009,40.88349,33.13451,57.20819,61.74978,52.66661,2/8/17,20/1/17,194
Donald Trump,Adults,42743,37.12984,41.0323,33.22738,57.07516,61.61325,52.53707,1/8/17,20/1/17,193
Donald Trump,Adults,7/31/2017,37.74067,41.77999,33.70134,56.1981,60.75717,51.63904,31/7/17,20/1/17,192
Donald Trump,Adults,7/30/2017,37.82521,41.84805,33.80238,56.02435,60.48609,51.5626,30/7/17,20/1/17,191
Donald Trump,Adults,7/29/2017,37.87874,41.89894,33.85854,55.96958,60.3989,51.54026,29/7/17,20/1/17,190
Donald Trump,Adults,7/28/2017,37.84032,41.85498,33.82565,55.90107,60.32299,51.47914,28/7/17,20/1/17,189
Donald Trump,Adults,7/27/2017,38.03011,42.28168,33.77855,55.41692,59.83472,50.99912,27/7/17,20/1/17,188
Donald Trump,Adults,7/26/2017,37.87655,42.12126,33.63184,55.62539,60.06873,51.18205,26/7/17,20/1/17,187
Donald Trump,Adults,7/25/2017,37.56762,41.91506,33.22018,55.98916,60.30493,51.6734,25/7/17,20/1/17,186
Donald Trump,Adults,7/24/2017,38.53267,42.73199,34.33334,55.30663,59.52424,51.08902,24/7/17,20/1/17,185
Donald Trump,Adults,7/23/2017,37.63227,41.22648,34.03806,55.98546,59.82065,52.15028,23/7/17,20/1/17,184
Donald Trump,Adults,7/22/2017,37.51841,41.09487,33.94195,56.16276,59.99729,52.32823,22/7/17,20/1/17,183
Donald Trump,Adults,7/21/2017,37.44432,41.0191,33.86955,56.22223,60.06737,52.37708,21/7/17,20/1/17,182
Donald Trump,Adults,7/20/2017,37.8655,41.33248,34.39853,56.34587,60.41756,52.27419,20/7/17,20/1/17,181
Donald Trump,Adults,7/19/2017,37.97404,41.37779,34.5703,56.19024,60.15877,52.22171,19/7/17,20/1/17,180
Donald Trump,Adults,7/18/2017,38.04208,41.48399,34.60018,56.00087,60.01667,51.98506,18/7/17,20/1/17,179
Donald Trump,Adults,7/17/2017,38.4192,41.91361,34.9248,55.60708,59.59241,51.62175,17/7/17,20/1/17,178
Donald Trump,Adults,7/16/2017,37.84597,41.53548,34.15647,56.33533,60.28469,52.38597,16/7/17,20/1/17,177
Donald Trump,Adults,7/15/2017,38.29617,41.91101,34.68133,55.9601,59.95897,51.96122,15/7/17,20/1/17,176
Donald Trump,Adults,7/14/2017,38.36245,41.95557,34.76933,55.82526,59.79289,51.85762,14/7/17,20/1/17,175
Donald Trump,Adults,7/13/2017,37.98452,41.58894,34.38009,55.81583,60.06542,51.56623,13/7/17,20/1/17,174
Donald Trump,Adults,43076,37.98452,41.58894,34.38009,55.81583,60.06542,51.56623,12/7/17,20/1/17,173
Donald Trump,Adults,43046,38.07668,41.70876,34.44459,55.98864,60.21886,51.75842,11/7/17,20/1/17,172
Donald Trump,Adults,43015,37.7802,41.46539,34.09501,55.95912,60.37428,51.54397,10/7/17,20/1/17,171
Donald Trump,Adults,42985,37.73914,41.42068,34.05761,55.99558,60.41068,51.58048,9/7/17,20/1/17,170
Donald Trump,Adults,42954,37.63799,41.30652,33.96945,56.03509,60.44957,51.6206,8/7/17,20/1/17,169
Donald Trump,Adults,42923,37.56738,41.24331,33.89145,56.12503,60.55323,51.69684,7/7/17,20/1/17,168
Donald Trump,Adults,42893,37.44537,40.93926,33.95148,55.90229,60.37643,51.42815,6/7/17,20/1/17,167
Donald Trump,Adults,42862,37.4516,40.96217,33.94103,55.89673,60.39372,51.39974,5/7/17,20/1/17,166
Donald Trump,Adults,42832,37.41192,41.20735,33.6165,55.53621,60.18404,50.88838,4/7/17,20/1/17,165
Donald Trump,Adults,42801,37.54239,41.31401,33.77077,55.46515,60.08126,50.84904,3/7/17,20/1/17,164
Donald Trump,Adults,42773,37.37842,41.15376,33.60308,55.55313,60.18834,50.91793,2/7/17,20/1/17,163
Donald Trump,Adults,42742,37.45395,41.21778,33.69012,55.56271,60.19781,50.9276,1/7/17,20/1/17,162
Donald Trump,Adults,6/30/2017,37.43984,41.20217,33.67751,55.56991,60.20266,50.93716,30/6/17,20/1/17,161
Donald Trump,Adults,6/29/2017,37.67141,41.59846,33.74437,55.34303,60.11432,50.57174,29/6/17,20/1/17,160
Donald Trump,Adults,6/28/2017,37.54221,41.44012,33.64429,55.36171,60.12468,50.59874,28/6/17,20/1/17,159
Donald Trump,Adults,6/27/2017,37.48801,41.59288,33.38314,56.62576,61.22116,52.03036,27/6/17,20/1/17,158
Donald Trump,Adults,6/26/2017,38.38256,42.30339,34.46173,56.12514,60.77531,51.47498,26/6/17,20/1/17,157
Donald Trump,Adults,6/25/2017,38.60531,42.54538,34.66523,56.04652,60.8044,51.28865,25/6/17,20/1/17,156
Donald Trump,Adults,6/24/2017,38.69684,42.61763,34.77605,55.90369,60.63505,51.17233,24/6/17,20/1/17,155
Donald Trump,Adults,6/23/2017,38.85541,42.80199,34.90883,55.87791,60.59999,51.15583,23/6/17,20/1/17,154
Donald Trump,Adults,6/22/2017,38.19526,42.07628,34.31423,56.32613,61.22327,51.429,22/6/17,20/1/17,153
Donald Trump,Adults,6/21/2017,37.71882,41.66222,33.77543,56.43047,61.4958,51.36514,21/6/17,20/1/17,152
Donald Trump,Adults,6/20/2017,38.05501,42.15563,33.95438,55.89925,60.62563,51.17287,20/6/17,20/1/17,151
Donald Trump,Adults,6/19/2017,38.20811,42.54373,33.87248,55.95309,61.15396,50.75222,19/6/17,20/1/17,150
Donald Trump,Adults,6/18/2017,38.2633,42.58323,33.94336,55.92405,61.11977,50.72832,18/6/17,20/1/17,149
Donald Trump,Adults,6/17/2017,38.22923,42.53318,33.92529,55.98989,61.17151,50.80827,17/6/17,20/1/17,148
Donald Trump,Adults,6/16/2017,38.13759,42.42458,33.8506,56.16522,61.33659,50.99385,16/6/17,20/1/17,147
Donald Trump,Adults,6/15/2017,38.17562,42.57939,33.77184,56.75382,62.05133,51.45631,15/6/17,20/1/17,146
Donald Trump,Adults,6/14/2017,37.58538,41.19516,33.97561,56.83662,61.12059,52.55265,14/6/17,20/1/17,145
Donald Trump,Adults,6/13/2017,37.42384,41.08774,33.75994,57.09056,61.18656,52.99457,13/6/17,20/1/17,144
Donald Trump,Adults,43075,37.24044,40.82742,33.65347,57.05828,61.16671,52.94985,12/6/17,20/1/17,143
Donald Trump,Adults,43045,37.39389,40.88179,33.90599,56.96007,60.98165,52.93849,11/6/17,20/1/17,142
Donald Trump,Adults,43014,37.4267,40.90689,33.94651,56.84025,60.81255,52.86795,10/6/17,20/1/17,141
Donald Trump,Adults,42984,37.27892,40.75511,33.80274,56.98267,60.98679,52.97855,9/6/17,20/1/17,140
Donald Trump,Adults,42953,37.59521,41.01394,34.17648,56.70111,60.82177,52.58046,8/6/17,20/1/17,139
Donald Trump,Adults,42922,37.62785,41.06159,34.1941,56.87752,61.10828,52.64675,7/6/17,20/1/17,138
Donald Trump,Adults,42892,37.5394,41.06022,34.01857,56.78997,61.15226,52.42768,6/6/17,20/1/17,137
Donald Trump,Adults,42861,38.07709,41.73353,34.42064,55.82519,60.04972,51.60065,5/6/17,20/1/17,136
Donald Trump,Adults,42831,38.04909,41.72054,34.37764,55.86415,60.09843,51.62987,4/6/17,20/1/17,135
Donald Trump,Adults,42800,38.15836,41.7485,34.56821,55.66989,59.90916,51.43062,3/6/17,20/1/17,134
Donald Trump,Adults,42772,38.31442,41.81391,34.81493,55.51968,59.6869,51.35247,2/6/17,20/1/17,133
Donald Trump,Adults,42741,38.32013,41.83544,34.80482,55.45131,59.61028,51.29233,1/6/17,20/1/17,132
Donald Trump,Adults,5/31/2017,38.32364,41.85717,34.7901,55.46051,59.62359,51.29743,31/5/17,20/1/17,131
Donald Trump,Adults,5/30/2017,38.39928,41.91901,34.87955,55.63413,59.58732,51.68095,30/5/17,20/1/17,130
Donald Trump,Adults,5/29/2017,38.48822,42.35765,34.61878,55.33235,59.58801,51.0767,29/5/17,20/1/17,129
Donald Trump,Adults,5/28/2017,38.41018,42.24271,34.57765,55.39933,59.6599,51.13876,28/5/17,20/1/17,128
Donald Trump,Adults,5/27/2017,38.26954,42.00937,34.52972,55.52485,59.77212,51.27757,27/5/17,20/1/17,127
Donald Trump,Adults,5/26/2017,38.20471,41.92799,34.48142,55.57269,59.82375,51.32163,26/5/17,20/1/17,126
Donald Trump,Adults,5/25/2017,37.89192,41.5061,34.27774,55.7291,60.04083,51.41737,25/5/17,20/1/17,125
Donald Trump,Adults,5/24/2017,37.85646,41.47275,34.24018,55.77018,60.07504,51.46532,24/5/17,20/1/17,124
Donald Trump,Adults,5/23/2017,38.31108,41.9374,34.68476,55.46129,59.66682,51.25577,23/5/17,20/1/17,123
Donald Trump,Adults,5/22/2017,38.26906,41.93174,34.60639,55.46428,59.66468,51.26388,22/5/17,20/1/17,122
Donald Trump,Adults,5/21/2017,38.28256,41.99757,34.56755,55.40812,59.6697,51.14653,21/5/17,20/1/17,121
Donald Trump,Adults,5/20/2017,38.23556,41.97803,34.49308,55.41444,59.66436,51.16453,20/5/17,20/1/17,120
Donald Trump,Adults,5/19/2017,38.32204,42.01789,34.62618,55.4182,59.65656,51.17984,19/5/17,20/1/17,119
Donald Trump,Adults,5/18/2017,39.05318,42.8056,35.30076,54.66667,58.80011,50.53323,18/5/17,20/1/17,118
Donald Trump,Adults,5/17/2017,39.36876,43.26851,35.46902,54.66336,59.06248,50.26425,17/5/17,20/1/17,117
Donald Trump,Adults,5/16/2017,39.56028,43.5225,35.59806,54.62194,59.05186,50.19202,16/5/17,20/1/17,116
Donald Trump,Adults,5/15/2017,40.18683,44.25157,36.12209,54.08882,58.62894,49.54869,15/5/17,20/1/17,115
Donald Trump,Adults,5/14/2017,40.29266,44.29087,36.29446,53.97565,58.44701,49.5043,14/5/17,20/1/17,114
Donald Trump,Adults,5/13/2017,40.91915,45.03639,36.80191,53.34138,58.09837,48.58439,13/5/17,20/1/17,113
Donald Trump,Adults,43074,40.99252,45.08227,36.90276,53.26033,57.98465,48.53601,12/5/17,20/1/17,112
Donald Trump,Adults,43044,40.85036,45.04947,36.65126,53.25583,58.01551,48.49614,11/5/17,20/1/17,111
Donald Trump,Adults,43013,41.02212,45.11921,36.92503,53.14196,57.86072,48.4232,10/5/17,20/1/17,110
Donald Trump,Adults,42983,41.14016,45.44517,36.83515,52.99695,57.98884,48.00506,9/5/17,20/1/17,109
Donald Trump,Adults,42952,41.42287,45.74117,37.10458,53.04214,58.23603,47.84824,8/5/17,20/1/17,108
Donald Trump,Adults,42921,41.26906,45.62116,36.91697,53.12979,58.36459,47.89498,7/5/17,20/1/17,107
Donald Trump,Adults,42891,41.32185,45.67287,36.97084,53.11271,58.37172,47.85369,6/5/17,20/1/17,106
Donald Trump,Adults,42860,41.49231,45.89816,37.08645,52.98911,58.44722,47.531,5/5/17,20/1/17,105
Donald Trump,Adults,42830,41.48521,45.87061,37.0998,53.02538,58.46288,47.58789,4/5/17,20/1/17,104
Donald Trump,Adults,42799,41.48521,45.87061,37.0998,53.02538,58.46288,47.58789,3/5/17,20/1/17,103
Donald Trump,Adults,42771,41.01395,45.53724,36.49067,54.02813,59.42989,48.62637,2/5/17,20/1/17,102
Donald Trump,Adults,42740,40.90617,45.40572,36.40663,54.12692,59.50862,48.74522,1/5/17,20/1/17,101
Donald Trump,Adults,4/30/2017,41.0427,45.62574,36.45967,53.92722,59.38926,48.46518,30/4/17,20/1/17,100
Donald Trump,Adults,4/29/2017,41.04478,45.61719,36.47237,53.89684,59.35752,48.43616,29/4/17,20/1/17,99
Donald Trump,Adults,4/28/2017,40.96248,45.51542,36.40953,54.07797,59.50538,48.65056,28/4/17,20/1/17,98
Donald Trump,Adults,4/27/2017,41.19462,45.27081,37.11842,53.62363,58.3029,48.94435,27/4/17,20/1/17,97
Donald Trump,Adults,4/26/2017,40.71889,44.81233,36.62546,53.70636,58.5398,48.87291,26/4/17,20/1/17,96
Donald Trump,Adults,4/25/2017,40.30374,44.60197,36.00551,54.23236,59.40096,49.06376,25/4/17,20/1/17,95
Donald Trump,Adults,4/24/2017,40.60334,45.012,36.19468,53.91079,59.18217,48.6394,24/4/17,20/1/17,94
Donald Trump,Adults,4/23/2017,40.62176,45.03156,36.21197,53.92823,59.21482,48.64163,23/4/17,20/1/17,93
Donald Trump,Adults,4/22/2017,40.71088,45.44498,35.97677,53.36101,59.11146,47.61056,22/4/17,20/1/17,92
Donald Trump,Adults,4/21/2017,40.72075,45.46203,35.97947,53.3662,59.12423,47.60818,21/4/17,20/1/17,91
Donald Trump,Adults,4/20/2017,40.81158,45.62248,36.00069,52.93252,58.88656,46.97849,20/4/17,20/1/17,90
Donald Trump,Adults,4/19/2017,41.10365,45.66794,36.53936,52.49113,57.87409,47.10818,19/4/17,20/1/17,89
Donald Trump,Adults,4/18/2017,41.32755,46.28143,36.37368,51.95232,57.66853,46.23611,18/4/17,20/1/17,88
Donald Trump,Adults,4/17/2017,41.29482,46.21842,36.37123,52.09627,57.79642,46.39611,17/4/17,20/1/17,87
Donald Trump,Adults,4/16/2017,41.17042,46.12373,36.21711,52.25262,58.22296,46.28227,16/4/17,20/1/17,86
Donald Trump,Adults,4/15/2017,41.01736,45.97337,36.06135,52.42741,58.41444,46.44038,15/4/17,20/1/17,85
Donald Trump,Adults,4/14/2017,41.0928,46.019,36.16659,52.42646,58.40254,46.45038,14/4/17,20/1/17,84
Donald Trump,Adults,4/13/2017,41.22889,46.25507,36.20272,52.85146,58.95934,46.74358,13/4/17,20/1/17,83
Donald Trump,Adults,43073,41.62653,46.5685,36.68455,52.25298,58.06441,46.44155,12/4/17,20/1/17,82
Donald Trump,Adults,43043,41.84169,46.86845,36.81492,52.17405,58.11969,46.22842,11/4/17,20/1/17,81
Donald Trump,Adults,43012,41.15395,45.86559,36.44231,52.99094,58.75322,47.22866,10/4/17,20/1/17,80
Donald Trump,Adults,42982,40.46673,45.30285,35.63061,53.93581,59.76171,48.10991,9/4/17,20/1/17,79
Donald Trump,Adults,42951,40.44548,45.27812,35.61284,53.98016,59.79935,48.16096,8/4/17,20/1/17,78
Donald Trump,Adults,42920,40.42915,45.2564,35.60189,54.0258,59.83382,48.21779,7/4/17,20/1/17,77
Donald Trump,Adults,42890,40.51774,45.51066,35.52483,53.72948,59.73963,47.71933,6/4/17,20/1/17,76
Donald Trump,Adults,42859,40.98213,45.88659,36.07767,52.87018,58.4521,47.28827,5/4/17,20/1/17,75
Donald Trump,Adults,42829,40.50948,45.69217,35.32678,53.39999,59.1553,47.64467,4/4/17,20/1/17,74
Donald Trump,Adults,42798,39.61414,44.69081,34.53746,53.89282,59.91079,47.87486,3/4/17,20/1/17,73
Donald Trump,Adults,42770,40.39359,45.16575,35.62142,53.45893,59.59847,47.31939,2/4/17,20/1/17,72
Donald Trump,Adults,42739,40.55445,45.26672,35.84218,53.32457,59.41961,47.22953,1/4/17,20/1/17,71
Donald Trump,Adults,3/31/2017,40.448,45.17403,35.72196,53.2771,59.34482,47.20937,31/3/17,20/1/17,70
Donald Trump,Adults,3/30/2017,40.11081,44.79861,35.42301,54.028,59.98937,48.06663,30/3/17,20/1/17,69
Donald Trump,Adults,3/29/2017,40.54865,45.12926,35.96804,52.65205,58.12233,47.18176,29/3/17,20/1/17,68
Donald Trump,Adults,3/28/2017,40.6702,45.40951,35.93089,52.81675,58.3959,47.2376,28/3/17,20/1/17,67
Donald Trump,Adults,3/27/2017,41.03792,46.03124,36.0446,52.65294,58.45473,46.85114,27/3/17,20/1/17,66
Donald Trump,Adults,3/26/2017,41.43587,46.2299,36.64183,52.38198,58.08395,46.68002,26/3/17,20/1/17,65
Donald Trump,Adults,3/25/2017,41.53386,46.28392,36.78381,52.38558,58.0583,46.71286,25/3/17,20/1/17,64
Donald Trump,Adults,3/24/2017,41.54422,46.26891,36.81953,52.38712,58.03065,46.74358,24/3/17,20/1/17,63
Donald Trump,Adults,3/23/2017,41.48011,45.96347,36.99674,52.1105,57.37497,46.84602,23/3/17,20/1/17,62
Donald Trump,Adults,3/22/2017,41.60312,46.0286,37.17764,51.97084,57.16357,46.77811,22/3/17,20/1/17,61
Donald Trump,Adults,3/21/2017,41.38521,45.94193,36.8285,52.85176,58.01113,47.6924,21/3/17,20/1/17,60
Donald Trump,Adults,3/20/2017,41.57674,46.22869,36.9248,52.50675,57.73434,47.27915,20/3/17,20/1/17,59
Donald Trump,Adults,3/19/2017,41.53395,46.20824,36.85967,52.66131,57.92685,47.39578,19/3/17,20/1/17,58
Donald Trump,Adults,3/18/2017,41.87791,46.41851,37.33731,52.33651,57.45996,47.21305,18/3/17,20/1/17,57
Donald Trump,Adults,3/17/2017,42.80822,46.93233,38.6841,51.36173,56.22272,46.50073,17/3/17,20/1/17,56
Donald Trump,Adults,3/16/2017,43.24698,47.57337,38.92059,51.14386,56.14853,46.13919,16/3/17,20/1/17,55
Donald Trump,Adults,3/15/2017,43.43536,47.89869,38.97202,49.8028,54.29678,45.30881,15/3/17,20/1/17,54
Donald Trump,Adults,3/14/2017,43.82244,48.24846,39.39643,49.54628,54.1033,44.98926,14/3/17,20/1/17,53
Donald Trump,Adults,3/13/2017,44.10419,48.49052,39.71787,48.99449,53.57737,44.41162,13/3/17,20/1/17,52
Donald Trump,Adults,3/12/17,44.32833,48.67724,39.97943,48.88358,53.44093,44.32623,12/3/17,20/1/17,51
Donald Trump,Adults,3/11/17,44.2165,48.54074,39.89226,48.96644,53.50496,44.42792,11/3/17,20/1/17,50
Donald Trump,Adults,3/10/17,43.9422,48.24376,39.64064,49.21457,53.79547,44.63366,10/3/17,20/1/17,49
Donald Trump,Adults,3/9/17,43.41724,47.52428,39.3102,49.70358,54.20479,45.20238,9/3/17,20/1/17,48
Donald Trump,Adults,3/8/17,43.52806,47.62445,39.43167,49.65459,54.15749,45.15169,8/3/17,20/1/17,47
Donald Trump,Adults,3/7/17,43.68052,47.77182,39.58922,49.24304,53.76972,44.71636,7/3/17,20/1/17,46
Donald Trump,Adults,3/6/17,43.51528,47.50908,39.52149,49.41735,53.87724,44.95747,6/3/17,20/1/17,45
Donald Trump,Adults,3/5/17,43.00411,47.25905,38.74918,50.26909,54.7504,45.78778,5/3/17,20/1/17,44
Donald Trump,Adults,3/4/17,42.9674,47.17238,38.76241,50.43211,54.88548,45.97874,4/3/17,20/1/17,43
Donald Trump,Adults,3/3/17,42.9674,47.17238,38.76241,50.43211,54.88548,45.97874,3/3/17,20/1/17,42
Donald Trump,Adults,3/2/17,42.74433,46.98483,38.50384,50.39036,54.90135,45.87937,2/3/17,20/1/17,41
Donald Trump,Adults,3/1/17,42.93229,47.20044,38.66414,50.10905,54.72215,45.49596,1/3/17,20/1/17,40
Donald Trump,Adults,2/28/2017,41.92185,46.14059,37.7031,50.75521,55.67918,45.83124,28/2/17,20/1/17,39
Donald Trump,Adults,2/27/2017,41.93449,46.13142,37.73755,50.65856,55.54948,45.76763,27/2/17,20/1/17,38
Donald Trump,Adults,2/26/2017,41.86868,46.0538,37.68355,50.54937,55.40913,45.68962,26/2/17,20/1/17,37
Donald Trump,Adults,2/25/2017,41.93456,46.09764,37.77147,50.34444,55.17621,45.51268,25/2/17,20/1/17,36
Donald Trump,Adults,2/24/2017,42.13914,46.28004,37.99824,50.20037,55.015,45.38575,24/2/17,20/1/17,35
Donald Trump,Adults,2/23/2017,42.08851,46.23182,37.94521,50.09972,54.93006,45.26939,23/2/17,20/1/17,34
Donald Trump,Adults,2/22/2017,40.99014,45.27751,36.70276,51.52739,56.48182,46.57297,22/2/17,20/1/17,33
Donald Trump,Adults,2/21/2017,41.4049,45.76923,37.04057,51.92768,57.05551,46.79984,21/2/17,20/1/17,32
Donald Trump,Adults,2/20/2017,41.1068,45.60037,36.61324,52.24264,57.46707,47.01821,20/2/17,20/1/17,31
Donald Trump,Adults,2/19/2017,41.1262,45.72119,36.53122,52.34517,57.59246,47.09787,19/2/17,20/1/17,30
Donald Trump,Adults,2/18/2017,41.14259,45.75518,36.52999,52.61021,57.82709,47.39334,18/2/17,20/1/17,29
Donald Trump,Adults,2/17/2017,40.93276,45.58841,36.27711,52.55815,57.6859,47.4304,17/2/17,20/1/17,28
Donald Trump,Adults,2/16/2017,41.26061,45.85092,36.6703,52.20712,57.25517,47.15907,16/2/17,20/1/17,27
Donald Trump,Adults,2/15/2017,41.3626,45.92407,36.80114,52.01312,57.00552,47.02072,15/2/17,20/1/17,26
Donald Trump,Adults,2/14/2017,41.01787,45.69108,36.34466,52.47426,57.35436,47.59416,14/2/17,20/1/17,25
Donald Trump,Adults,2/13/2017,41.11952,45.75837,36.48067,52.40815,57.20925,47.60704,13/2/17,20/1/17,24
Donald Trump,Adults,2/12/17,41.98624,46.78743,37.18506,50.62114,55.42233,45.81996,12/2/17,20/1/17,23
Donald Trump,Adults,2/11/17,42.17884,46.93204,37.42564,50.29835,55.05155,45.54515,11/2/17,20/1/17,22
Donald Trump,Adults,2/10/17,42.33272,47.04307,37.62237,50.14452,54.85487,45.43417,10/2/17,20/1/17,21
Donald Trump,Adults,2/9/17,42.45341,47.12389,37.78294,50.05256,54.72303,45.38208,9/2/17,20/1/17,20
Donald Trump,Adults,2/8/17,42.46727,47.10171,37.83284,49.95639,54.59083,45.32195,8/2/17,20/1/17,19
Donald Trump,Adults,2/7/17,42.58524,47.25029,37.92019,49.79887,54.46392,45.13382,7/2/17,20/1/17,18
Donald Trump,Adults,2/6/17,42.62589,47.259,37.99279,49.48686,54.11996,44.85376,6/2/17,20/1/17,17
Donald Trump,Adults,2/5/17,42.7303,47.35865,38.10196,49.04629,53.67463,44.41794,5/2/17,20/1/17,16
Donald Trump,Adults,2/4/17,42.93061,47.52776,38.33346,48.55542,53.15257,43.95826,4/2/17,20/1/17,15
Donald Trump,Adults,2/3/17,42.87061,47.47776,38.26346,48.63497,53.24212,44.02782,3/2/17,20/1/17,14
Donald Trump,Adults,2/2/17,43.76831,48.71731,38.81931,45.22588,50.17488,40.27688,2/2/17,20/1/17,13
Donald Trump,Adults,2/1/17,43.7891,48.70733,38.87086,44.59832,49.51656,39.68008,1/2/17,20/1/17,12
Donald Trump,Adults,1-31-2017,43.67982,48.68051,38.67913,43.60509,48.60578,38.6044,31/1/17,20/1/17,11
Donald Trump,Adults,1/30/2017,42.51344,47.69931,37.32757,41.65466,46.84053,36.46879,30/1/17,20/1/17,10
Donald Trump,Adults,1/29/2017,42.42076,47.58598,37.25555,41.6069,46.77211,36.44168,29/1/17,20/1/17,9
Donald Trump,Adults,1/28/2017,42.51997,47.66774,37.37219,41.19157,46.33934,36.04379,28/1/17,20/1/17,8
Donald Trump,Adults,1/27/2017,43.08089,48.21475,37.94702,40.57829,45.71215,35.44442,27/1/17,20/1/17,7
Donald Trump,Adults,1/26/2017,43.21775,48.34188,38.09363,39.85699,44.98112,34.73286,26/1/17,20/1/17,6
Donald Trump,Adults,1/25/2017,45.59516,51.48944,39.70088,45.19996,51.09425,39.30568,25/1/17,20/1/17,5
Donald Trump,Adults,1/24/2017,45,50.98562,39.01438,45.74659,51.73221,39.76097,24/1/17,20/1/17,4
Donald Trump,Adults,1/23/2017,45,51.1347,38.8653,45,51.1347,38.8653,23/1/17,20/1/17,3